{"cameraMode":{"drawMode":0,"name":"Shaded","section":"Shading Mode"},"sceneLighting":false,"audioPlay":false,"sceneViewState":{"showFog":true,"showMaterialUpdate":false,"showSkybox":false,"showFlares":true,"showImageEffects":true,"showParticleSystems":true},"in2DMode":false,"pivot":{"x":1.0,"y":0.8500000238418579,"z":-0.013649940490722657},"rotation":{"x":0.2071230262517929,"y":0.6755425333976746,"z":-0.20675113797187806,"w":0.6767569780349731},"size":3.958845376968384,"orthographic":true}