{"cameraMode":{"drawMode":0,"name":"Shaded","section":"Shading Mode"},"sceneLighting":false,"audioPlay":false,"sceneViewState":{"showFog":true,"showMaterialUpdate":false,"showSkybox":false,"showFlares":true,"showImageEffects":true,"showParticleSystems":true},"in2DMode":false,"pivot":{"x":-2.9802322387695315e-8,"y":0.3925436735153198,"z":0.0},"rotation":{"x":0.26875022053718569,"y":0.6246712803840637,"z":-0.2426462173461914,"w":0.6918730735778809},"size":0.5541322827339172,"orthographic":true}