{"cameraMode":{"drawMode":0,"name":"Shaded","section":"Shading Mode"},"sceneLighting":true,"audioPlay":false,"sceneViewState":{"showFog":true,"showMaterialUpdate":false,"showSkybox":true,"showFlares":true,"showImageEffects":true,"showParticleSystems":true},"in2DMode":false,"pivot":{"x":2.2676076889038088,"y":3.5867271423339845,"z":-0.47234469652175906},"rotation":{"x":0.09278779476881027,"y":0.703056275844574,"z":-0.093346007168293,"w":0.6988505721092224},"size":3.5399727821350099,"orthographic":true}